{
  "otros": {
    "2025-07": 915650.0522746978,
    "2025-08": 870107.8875241702,
    "2025-09": 4410267.021281188,
    "2025-10": 1680687.1870503204,
    "2025-11": 3338799.64449871,
    "2025-12": 3598125.5826119184,
    "2026-01": 532951.165145119,
    "2026-02": 401430.9767548815
  },
  "tesoro": {
    "2001-08": 1150.388,
    "2002-04": 9628.001,
    "2006-08": 3792.982,
    "2007-07": 2044.197,
    "2009-01": 1126.34,
    "2009-02": 2785.023,
    "2009-03": 2710.868,
    "2009-04": 3448.319,
    "2009-05": 5965.297,
    "2009-06": 11187.337,
    "2009-07": 10132.861,
    "2009-08": 1084.931,
    "2009-09": 1623.377,
    "2009-10": 560.419,
    "2009-11": 8177.775,
    "2009-12": 2266.411,
    "2010-01": 575.628,
    "2010-02": 2110.214,
    "2010-03": 12706.508,
    "2010-04": 12393.217,
    "2010-05": 11905.828,
    "2010-06": 11222.926,
    "2010-07": 19463.961,
    "2010-08": 7076.743,
    "2010-09": 8342.992,
    "2010-10": 8693.222,
    "2010-11": 12089.328,
    "2010-12": 10545.075,
    "2011-01": 38193.03,
    "2011-02": 36991.455,
    "2011-03": 36023.622,
    "2011-04": 35252.913,
    "2011-05": 33654.215,
    "2011-06": 31615.878,
    "2011-07": 29454.591,
    "2011-08": 15545.172,
    "2011-09": 15219.056,
    "2011-10": 11365.808,
    "2011-11": 11246.017,
    "2011-12": 2841.642,
    "2012-01": 1653.712,
    "2012-02": 1965.436,
    "2012-03": 3386.741,
    "2012-04": 10996.111,
    "2012-05": 8841.735,
    "2012-06": 6585.902,
    "2012-07": 23887.12,
    "2012-08": 12683.06,
    "2012-09": 11105.439,
    "2012-10": 13556.03,
    "2012-11": 11856.911,
    "2012-12": 6682.748,
    "2013-01": 5952.692,
    "2013-02": 3068.158,
    "2013-03": 5024.962,
    "2013-04": 1125.525,
    "2013-05": 1667.524,
    "2013-06": 11795.778,
    "2013-07": 8614.675,
    "2013-08": 55839.711,
    "2013-09": 29223.761,
    "2013-10": 18028.753,
    "2013-11": 8048.785,
    "2013-12": 12165.654307380002,
    "2014-01": 988.883,
    "2014-02": 1891.355,
    "2014-03": 3446.487,
    "2014-04": 7275.408,
    "2014-05": 12447.396,
    "2014-06": 1840.54,
    "2014-07": 8718.061,
    "2014-08": 1342.66,
    "2014-09": 1479.96,
    "2014-10": 4398.537,
    "2014-11": 17222.855,
    "2014-12": 63323.628,
    "2015-01": 18266.883,
    "2015-02": 734.094,
    "2015-03": 6247.157,
    "2015-04": 21171.258,
    "2015-05": 19747.345,
    "2015-06": 17026.43,
    "2015-07": 16514.581,
    "2015-08": 5083.281,
    "2015-09": 85974.637,
    "2015-10": 26081.591,
    "2015-11": 12631.444,
    "2015-12": 14656.985,
    "2016-01": 2472.623,
    "2016-02": 2854.186,
    "2016-03": 1744.568,
    "2016-04": 88748.115,
    "2016-05": 22854.719,
    "2016-06": 3573.012,
    "2016-07": 12070.944,
    "2016-08": 2377.521,
    "2016-09": 2010.378,
    "2016-10": 13128.952,
    "2016-11": 25731.929,
    "2016-12": 25515.894,
    "2017-01": 14421.675,
    "2017-02": 41022.875,
    "2017-03": 2396.394,
    "2017-04": 16780.602,
    "2017-05": 18224.592,
    "2017-06": 78326.619,
    "2017-07": 16405.432,
    "2017-08": 19886.102,
    "2017-09": 5585.266,
    "2017-10": 16427.486,
    "2017-11": 24542.645,
    "2017-12": 38948.299,
    "2018-01": 33971.065,
    "2018-02": 12272.013,
    "2018-03": 43948.435,
    "2018-04": 34425.146,
    "2018-05": 2175.299,
    "2018-06": 388427.434,
    "2018-07": 262411.811,
    "2018-08": 287915.643,
    "2018-09": 307869.054,
    "2018-10": 501635.405,
    "2018-11": 398988.326,
    "2018-12": 606414.487,
    "2019-01": 475922.289,
    "2019-02": 534014.53,
    "2019-03": 446247.318,
    "2019-04": 681002.053,
    "2019-05": 502180.645,
    "2019-06": 419563.298,
    "2019-07": 498490.661,
    "2019-08": 430477.021,
    "2019-09": 305409.549,
    "2019-10": 140934.513,
    "2019-11": 42674.676,
    "2019-12": 46322.596,
    "2020-01": 12565.341,
    "2020-02": 6586.248,
    "2020-03": 25703.936,
    "2020-04": 65787.84,
    "2020-05": 213217.8,
    "2020-06": 103641.73,
    "2020-07": 150034.898,
    "2020-08": 90694.094,
    "2020-09": 53459.6,
    "2020-10": 58373.263,
    "2020-11": 146586.139,
    "2020-12": 63894.199,
    "2021-01": 78048.269,
    "2021-02": 48483.924,
    "2021-03": 31520.96,
    "2021-04": 74515.711,
    "2021-05": 82340.371,
    "2021-06": 103238.859,
    "2021-07": 81166.791,
    "2021-08": 39041.017,
    "2021-09": 50874.818,
    "2021-10": 147601.226,
    "2021-11": 221438.104,
    "2021-12": 114168.792,
    "2022-01": 313940.784,
    "2022-02": 224066.18,
    "2022-03": 1182117.633,
    "2022-04": 791435.656,
    "2022-05": 372021.475,
    "2022-06": 537943.906,
    "2022-07": 697224.661,
    "2022-08": 711287.097,
    "2022-09": 489151.763,
    "2022-10": 799123.947,
    "2022-11": 492299.531,
    "2022-12": 1212510.504,
    "2023-01": 635516.974,
    "2023-02": 275239.727,
    "2023-03": 819743.141,
    "2023-04": 302816.577,
    "2023-05": 522669.945,
    "2023-06": 50326.668,
    "2023-07": 148758.314,
    "2023-08": 2299190.459,
    "2023-09": 2377136.005,
    "2023-10": 1985121.698,
    "2023-11": 1962849.011,
    "2023-12": 1210586.697,
    "2024-01": 3179979.539,
    "2024-02": 1639459.81,
    "2024-03": 1297840.36,
    "2024-04": 1793962.472,
    "2024-05": 13502374.224,
    "2024-06": 13877259.747,
    "2024-07": 17176142.715,
    "2024-08": 17577741.689,
    "2024-09": 14541032.138,
    "2024-10": 13273622.756,
    "2024-11": 12010037.538,
    "2024-12": 12261239.443,
    "2025-01": 7630778.241,
    "2025-02": 9193046.002,
    "2025-03": 7677967.24,
    "2025-04": 31802353.832,
    "2025-05": 15802836.472,
    "2025-06": 13959495.978,
    "2025-07": 17897559.53,
    "2025-08": 14439378.437,
    "2025-09": 14242526.088,
    "2025-10": 5421402.905,
    "2025-11": 3895412.899,
    "2025-12": 7042997.418,
    "2026-01": 5063480.96,
    "2026-02": 5317933.508,
    "2027-10": 11075.937,
    "2028-08": 5640.059,
    "2028-11": 5501.383,
    "2029-09": 4096.803,
    "2031-01": 6722.373,
    "2031-06": 12688.048,
    "2031-10": 3631.8073497100004,
    "2032-03": 743.697,
    "2032-12": 1942.966,
    "2033-12": 521.397,
    "2035-10": 521.76,
    "2037-02": 3987.724,
    "2037-08": 307.276,
    "2038-11": 552.906,
    "2040-01": 87.784,
    "2041-01": 144.333,
    "2041-09": 632.2889965400001,
    "2042-10": 3301.302,
    "2044-04": 1260.552,
    "2044-07": 684.655,
    "2045-01": 2614.36,
    "2048-04": 5508.064,
    "2050-04": 1239.705,
    "2051-11": 6414.177,
    "2055-09": 2977.999,
    "2057-06": 4888.498,
    "2060-03": 8937.025,
    "2062-09": 5490.014,
    "2068-04": 61.46,
    "2069-09": 6362.983,
    "2070-08": 3744.732,
    "2071-11": 5044.728,
    "2073-07": 6396.15,
    "2074-04": 1180.383,
    "2078-09": 1113.548,
    "2082-10": 11530.652,
    "2084-10": 1425.961,
    "2085-01": 9501.52,
    "2086-12": 5532.628,
    "2088-08": 1326.561,
    "2089-07": 5595.81,
    "2090-07": 2070.994,
    "2091-07": 9090.318,
    "2091-08": 9716.118,
    "2095-05": 2968.388,
    "2095-07": 5740.326,
    "2099-02": 7136.664,
    "2099-04": 5564.577,
    "2099-08": 9841.108
  }
}